<?xml version="1.0" encoding="utf-8" ?>
<dwsync>
<file name="loading-light.gif" server="ftp.populerdunya.com/vector/" local="130764964990000000" remote="130776017400000000" Dst="2" />
<file name="loading.gif" server="ftp.populerdunya.com/vector/" local="130764966230000000" remote="130776017400000000" Dst="2" />
<file name="loading-light.gif" server="ftp.populerdunya.com/vcard-01/" local="130764964990000000" remote="131014849200000000" Dst="1" />
<file name="loading.gif" server="ftp.populerdunya.com/vcard-01/" local="130764966230000000" remote="131014849200000000" Dst="1" />
<file name="lines.png" server="ftp.populerdunya.com/ucard-html/" local="131033041070000000" remote="131060395200000000" Dst="2" />
<file name="lines.png" server="ftp.populerdunya.com/uncover-html/" local="131033041070000000" remote="131472572400000000" Dst="0" />
<file name="loading-light.gif" server="ftp.populerdunya.com/uncover-html/" local="131472906353353169" remote="131472626400000000" Dst="0" />
<file name="loading.gif" server="ftp.populerdunya.com/uncover-html/" local="131472893248230831" remote="131472605400000000" Dst="0" />
<file name="mfp-default-skin.svg" server="ftp.populerdunya.com/uncover-html/" local="130700070400000000" remote="131472572400000000" Dst="0" />
<file name="loading.svg" server="ftp.populerdunya.com/uncover-html/" local="131472913328599760" remote="131472626400000000" Dst="0" />
<file name="loading-light.svg" server="ftp.populerdunya.com/uncover-html/" local="131472910821105090" remote="131472626400000000" Dst="0" />
</dwsync>